contract_id,date
ag2006,2020/6/15
ag1612,2016/12/15
ag1806,2018/6/15
ag1812,2018/12/17
ag1912,2019/12/16
ag1512,2015/12/15
ag2106,2021/6/15
ag2212,2022/12/15
ag2012,2020/12/15
ag1712,2017/12/15
ag2102,2021/2/5
ag1606,2016/6/15
ag2112,2021/12/15
ag1506,2015/6/15
ag2206,2022/6/15
ag1906,2019/6/17
ag2002,2020/2/17
ag1706,2017/6/15
al2007,2020/7/15
al1512,2015/12/15
al1809,2018/9/17
al1706,2017/6/15
al1801,2018/1/15
al1708,2017/8/15
al1911,2019/11/15
al1505,2015/5/15
al1703,2017/3/15
al2105,2021/5/17
al2207,2022/7/15
al1610,2016/10/17
al1712,2017/12/15
al2203,2022/3/15
al2001,2020/1/15
al1802,2018/2/9
al2204,2022/4/15
al1510,2015/10/15
al1812,2018/12/17
al1509,2015/9/15
al2201,2022/1/17
al2004,2020/4/15
al1807,2018/7/16
al1707,2017/7/17
al1507,2015/7/15
al2111,2021/11/15
al1511,2015/11/16
al1811,2018/11/15
al1804,2018/4/16
al1605,2016/5/16
al1909,2019/9/16
al1808,2018/8/15
al1503,2015/3/16
al1710,2017/10/16
al1905,2019/5/15
al2101,2021/1/15
al1805,2018/5/15
al2106,2021/6/15
al1508,2015/8/17
al2202,2022/2/15
al2109,2021/9/15
al1608,2016/8/15
al1704,2017/4/17
al1504,2015/4/15
al2103,2021/3/15
al1611,2016/11/15
al2006,2020/6/15
al1701,2017/1/16
al2010,2020/10/15
al2209,2022/9/15
al1609,2016/9/19
al2008,2020/8/17
al1506,2015/6/15
al1803,2018/3/15
al1904,2019/4/15
al1606,2016/6/15
al1902,2019/2/15
al2107,2021/7/15
al2102,2021/2/5
al2002,2020/2/17
al2110,2021/10/15
al1910,2019/10/15
al1908,2019/8/15
al1810,2018/10/15
al2009,2020/9/15
al1705,2017/5/15
al1603,2016/3/15
al1604,2016/4/15
al1612,2016/12/15
al1912,2019/12/16
al2112,2021/12/15
al1806,2018/6/15
al2104,2021/4/15
al2206,2022/6/15
al2205,2022/5/16
al1702,2017/2/15
al1711,2017/11/15
al2208,2022/8/15
al2012,2020/12/15
al1607,2016/7/15
al1602,2016/2/15
al2108,2021/8/16
al2011,2020/11/16
al1901,2019/1/15
al1709,2017/9/15
al1903,2019/3/15
al1907,2019/7/15
al1906,2019/6/17
al2005,2020/5/15
al2003,2020/3/16
al1601,2016/1/15
au2106,2021/6/15
au1506,2015/6/15
au1812,2018/12/17
au1806,2018/6/15
au2112,2021/12/15
au2206,2022/6/15
au1606,2016/6/15
au2208,2022/8/15
au2002,2020/2/17
au1612,2016/12/15
au1912,2019/12/16
au2006,2020/6/15
au1906,2019/6/17
au2212,2022/12/15
au2012,2020/12/15
au1706,2017/6/15
au2202,2022/2/15
au1512,2015/12/15
au2102,2021/2/5
au1712,2017/12/15
a2009,2020/9/14
a2209,2022/9/15
a2207,2022/7/14
a2005,2020/5/19
a1605,2016/5/16
a2105,2021/5/19
a1909,2019/9/16
a1801,2018/1/15
a1709,2017/9/14
a2101,2021/1/15
a2001,2020/1/15
a2201,2022/1/17
a1509,2015/9/16
a1901,2019/1/15
a2203,2022/3/14
a1601,2016/1/15
a1701,2017/1/16
a1705,2017/5/15
a1805,2018/5/15
a1905,2019/5/17
a1505,2015/5/15
a1609,2016/9/14
a2111,2021/11/12
a1809,2018/9/14
a2109,2021/9/14
bu1506,2015/6/15
bu1706,2017/6/15
bu1806,2018/6/15
bu1601,2016/1/15
bu2112,2021/12/15
bu2201,2022/1/17
bu2012,2020/12/15
bu2006,2020/6/15
bu2106,2021/6/15
bu1509,2015/9/15
bu1612,2016/12/15
bu1812,2018/12/17
bu1606,2016/6/15
bu1712,2017/12/15
bu2209,2022/9/15
bu1906,2019/6/17
bu2109,2021/9/15
bu2206,2022/6/15
bu1609,2016/9/19
bu1709,2017/9/15
bu1512,2015/12/15
bu1912,2019/12/16
bu2101,2021/1/15
CF201,2022/1/17
CF605,2016/5/16
CF109,2021/9/14
CF609,2016/9/14
CF205,2022/5/18
CF105,2021/5/19
CF809,2018/9/14
CF805,2018/5/15
CF009,2020/9/14
CF801,2018/1/15
CF601,2016/1/15
CF209,2022/9/15
CF905,2019/5/17
CF705,2017/5/15
CF709,2017/9/14
CF505,2015/5/15
CF001,2020/1/15
CF701,2017/1/16
CF909,2019/9/16
CF005,2020/5/19
CF509,2015/9/16
CF101,2021/1/15
CF901,2019/1/15
cs2111,2021/11/12
cs2209,2022/9/15
cs1805,2018/5/15
cs2109,2021/9/14
cs2101,2021/1/15
cs2005,2020/5/19
cs1809,2018/9/14
cs1505,2015/5/15
cs2107,2021/7/14
cs1605,2016/5/16
cs1705,2017/5/15
cs2001,2020/1/15
cs2205,2022/5/18
cs1509,2015/9/16
cs2203,2022/3/14
cs1909,2019/9/16
cs1901,2019/1/15
cs1609,2016/9/14
cs2105,2021/5/19
cs2009,2020/9/14
cs1701,2017/1/16
cs2207,2022/7/14
cs1801,2018/1/15
cs1905,2019/5/17
cs1601,2016/1/15
cs1709,2017/9/14
cu1812,2018/12/17
cu1702,2017/2/15
cu2203,2022/3/15
cu1803,2018/3/15
cu1902,2019/2/15
cu1612,2016/12/15
cu1610,2016/10/17
cu1709,2017/9/15
cu1906,2019/6/17
cu2105,2021/5/17
cu2107,2021/7/15
cu1904,2019/4/15
cu2207,2022/7/15
cu1901,2019/1/15
cu2112,2021/12/15
cu2006,2020/6/15
cu1710,2017/10/16
cu2001,2020/1/15
cu1503,2015/3/16
cu1509,2015/9/15
cu1508,2015/8/17
cu2202,2022/2/15
cu2108,2021/8/16
cu1712,2017/12/15
cu1705,2017/5/15
cu1804,2018/4/16
cu2104,2021/4/15
cu1912,2019/12/16
cu1903,2019/3/15
cu2101,2021/1/15
cu1505,2015/5/15
cu2012,2020/12/15
cu1806,2018/6/15
cu1801,2018/1/15
cu1706,2017/6/15
cu2004,2020/4/15
cu1802,2018/2/9
cu1607,2016/7/15
cu1511,2015/11/16
cu1609,2016/9/19
cu2208,2022/8/15
cu1807,2018/7/16
cu1601,2016/1/15
cu2206,2022/6/15
cu1911,2019/11/15
cu2003,2020/3/16
cu1805,2018/5/15
cu2205,2022/5/16
cu1811,2018/11/15
cu2007,2020/7/15
cu1510,2015/10/15
cu1810,2018/10/15
cu1908,2019/8/15
cu1909,2019/9/16
cu2106,2021/6/15
cu1512,2015/12/15
cu2008,2020/8/17
cu1504,2015/4/15
cu1507,2015/7/15
cu2009,2020/9/15
cu1708,2017/8/15
cu1701,2017/1/16
cu2204,2022/4/15
cu1808,2018/8/15
cu1704,2017/4/17
cu2010,2020/10/15
cu1910,2019/10/15
cu1711,2017/11/15
cu2103,2021/3/15
cu2109,2021/9/15
cu1506,2015/6/15
cu2011,2020/11/16
cu1907,2019/7/15
cu2005,2020/5/15
cu2201,2022/1/17
cu1603,2016/3/15
cu2111,2021/11/15
cu1809,2018/9/17
cu1707,2017/7/17
cu1703,2017/3/15
cu1605,2016/5/16
cu1905,2019/5/15
cu1608,2016/8/15
cu1602,2016/2/15
cu2102,2021/2/5
cu1606,2016/6/15
cu1611,2016/11/15
cu2002,2020/2/17
cu2209,2022/9/15
cu1604,2016/4/15
cu2110,2021/10/15
c2205,2022/5/18
c1705,2017/5/15
c1909,2019/9/16
c2101,2021/1/15
c1805,2018/5/15
c1505,2015/5/15
c2105,2021/5/19
c2109,2021/9/14
c2001,2020/1/15
c1905,2019/5/17
c2009,2020/9/14
c1801,2018/1/15
c1709,2017/9/14
c2209,2022/9/15
c1807,2018/7/13
c2201,2022/1/17
c2005,2020/5/19
c1901,2019/1/15
c1601,2016/1/15
c1509,2015/9/16
c1809,2018/9/14
c1609,2016/9/14
c1701,2017/1/16
c1605,2016/5/16
FG209,2022/9/15
FG609,2016/9/14
FG709,2017/9/14
FG205,2022/5/18
FG701,2017/1/16
FG705,2017/5/15
FG509,2015/9/16
FG901,2019/1/15
FG801,2018/1/15
FG506,2015/6/12
FG105,2021/5/19
FG109,2021/9/14
FG009,2020/9/14
FG605,2016/5/16
FG601,2016/1/15
FG909,2019/9/16
FG905,2019/5/17
FG201,2022/1/17
FG005,2020/5/19
FG001,2020/1/15
FG101,2021/1/15
FG809,2018/9/14
FG805,2018/5/15
hc1910,2019/10/15
hc1510,2015/10/15
hc1505,2015/5/15
hc2105,2021/5/17
hc1805,2018/5/15
hc1701,2017/1/16
hc2210,2022/10/17
hc1710,2017/10/16
hc1901,2019/1/15
hc2201,2022/1/17
hc2205,2022/5/16
hc2001,2020/1/15
hc1601,2016/1/15
hc2101,2021/1/15
hc1810,2018/10/15
hc1605,2016/5/16
hc1801,2018/1/15
hc2010,2020/10/15
hc1705,2017/5/15
hc1610,2016/10/17
hc1905,2019/5/15
hc2110,2021/10/15
hc2005,2020/5/15
i1601,2016/1/15
i2109,2021/9/14
i1901,2019/1/15
i2205,2022/5/18
i1905,2019/5/17
i1605,2016/5/16
i1509,2015/9/16
i2009,2020/9/14
i2201,2022/1/17
i1701,2017/1/16
i2001,2020/1/15
i1609,2016/9/14
i1505,2015/5/15
i2209,2022/9/15
i2105,2021/5/19
i1709,2017/9/14
i2101,2021/1/15
i1809,2018/9/14
i2005,2020/5/19
i1909,2019/9/16
i1801,2018/1/15
i1705,2017/5/15
i1805,2018/5/15
jd2105,2021/5/26
jd1705,2017/5/24
jd2010,2020/10/27
jd1709,2017/9/26
jd1905,2019/5/28
jd1605,2016/5/16
jd2007,2020/7/28
jd2011,2020/11/25
jd2101,2021/1/26
jd1601,2016/1/15
jd1505,2015/5/15
jd1805,2018/5/28
jd1701,2017/1/16
jd2201,2022/1/25
jd2006,2020/6/23
jd1909,2019/9/25
jd2005,2020/5/26
jd2009,2020/9/25
jd1901,2019/1/28
jd2109,2021/9/27
jd2209,2022/9/27
jd2001,2020/1/21
jd2205,2022/5/26
jd1509,2015/9/16
jd1809,2018/9/25
jd1801,2018/1/26
jd1609,2016/9/14
jm2101,2021/1/15
jm1701,2017/1/16
jm2201,2022/1/17
jm1909,2019/9/16
jm1609,2016/9/14
jm2005,2020/5/19
jm1705,2017/5/15
jm2105,2021/5/19
jm2209,2022/9/15
jm1905,2019/5/17
jm1901,2019/1/15
jm1801,2018/1/15
jm1709,2017/9/14
jm1601,2016/1/15
jm2009,2020/9/14
jm1505,2015/5/15
jm2001,2020/1/15
jm1805,2018/5/15
jm1605,2016/5/16
jm1509,2015/9/16
jm2109,2021/9/14
jm2205,2022/5/18
jm1809,2018/9/14
j2001,2020/1/15
j2205,2022/5/18
j1705,2017/5/15
j1509,2015/9/16
j2101,2021/1/15
j2201,2022/1/17
j1601,2016/1/15
j1701,2017/1/16
j1505,2015/5/15
j1809,2018/9/14
j1901,2019/1/15
j2005,2020/5/19
j1609,2016/9/14
j1709,2017/9/14
j1805,2018/5/15
j2109,2021/9/14
j2105,2021/5/19
j1909,2019/9/16
j1905,2019/5/17
j1605,2016/5/16
j2009,2020/9/14
j2209,2022/9/15
j1801,2018/1/15
l2209,2022/9/15
l1605,2016/5/16
l1801,2018/1/15
l2009,2020/9/14
l1809,2018/9/14
l2205,2022/5/18
l2201,2022/1/17
l1901,2019/1/15
l1905,2019/5/17
l1505,2015/5/15
l1601,2016/1/15
l1509,2015/9/16
l1609,2016/9/14
l2109,2021/9/14
l2101,2021/1/15
l1909,2019/9/16
l1701,2017/1/16
l1805,2018/5/15
l1709,2017/9/14
l2001,2020/1/15
l2005,2020/5/19
l1705,2017/5/15
l2105,2021/5/19
MA701,2017/1/16
MA109,2021/9/14
MA105,2021/5/19
MA609,2016/9/14
MA709,2017/9/14
MA805,2018/5/15
MA205,2022/5/18
MA801,2018/1/15
MA909,2019/9/16
MA201,2022/1/17
MA001,2020/1/15
MA605,2016/5/16
MA209,2022/9/15
MA509,2015/9/16
MA905,2019/5/17
MA009,2020/9/14
MA809,2018/9/14
MA506,2015/6/12
MA101,2021/1/15
MA705,2017/5/15
MA901,2019/1/15
MA005,2020/5/19
MA601,2016/1/15
m1605,2016/5/16
m2105,2021/5/19
m1601,2016/1/15
m1901,2019/1/15
m2005,2020/5/19
m2009,2020/9/14
m1809,2018/9/14
m1701,2017/1/16
m1909,2019/9/16
m2205,2022/5/18
m1609,2016/9/14
m1905,2019/5/17
m2109,2021/9/14
m2101,2021/1/15
m1805,2018/5/15
m2209,2022/9/15
m1705,2017/5/15
m1509,2015/9/16
m1505,2015/5/15
m2201,2022/1/17
m2001,2020/1/15
m1709,2017/9/14
m1801,2018/1/15
ni2007,2020/7/15
ni1911,2019/11/15
ni2206,2022/6/15
ni2107,2021/7/15
ni2104,2021/4/15
ni2008,2020/8/17
ni1701,2017/1/16
ni2102,2021/2/5
ni1609,2016/9/19
ni2004,2020/4/15
ni2006,2020/6/15
ni2205,2022/5/16
ni1801,2018/1/15
ni1908,2019/8/15
ni1907,2019/7/15
ni1605,2016/5/16
ni1509,2015/9/15
ni2110,2021/10/15
ni1905,2019/5/15
ni1901,2019/1/15
ni1807,2018/7/16
ni2108,2021/8/16
ni2106,2021/6/15
ni1910,2019/10/15
ni2011,2020/11/16
ni2111,2021/11/15
ni2204,2022/4/15
ni2012,2020/12/15
ni2103,2021/3/15
ni2203,2022/3/15
ni1705,2017/5/15
ni2202,2022/2/15
ni1912,2019/12/16
ni2002,2020/2/17
ni2010,2020/10/15
ni2208,2022/8/15
ni1507,2015/7/15
ni1811,2018/11/15
ni1906,2019/6/17
ni2112,2021/12/15
ni2209,2022/9/15
ni2003,2020/3/16
ni2207,2022/7/15
ni1709,2017/9/15
ni1809,2018/9/17
ni2109,2021/9/15
ni1805,2018/5/15
ni1601,2016/1/15
OI509,2015/9/16
OI605,2016/5/16
OI909,2019/9/16
OI105,2021/5/19
OI601,2016/1/15
OI901,2019/1/15
OI705,2017/5/15
OI805,2018/5/15
OI005,2020/5/19
OI007,2020/7/14
OI701,2017/1/16
OI205,2022/5/18
OI209,2022/9/15
OI505,2015/5/15
OI905,2019/5/17
OI001,2020/1/15
OI609,2016/9/14
OI109,2021/9/14
OI809,2018/9/14
OI709,2017/9/14
OI009,2020/9/14
OI201,2022/1/17
OI101,2021/1/15
OI801,2018/1/15
pp1601,2016/1/15
pp1609,2016/9/14
pp1805,2018/5/15
pp2105,2021/5/19
pp1701,2017/1/16
pp2209,2022/9/15
pp1705,2017/5/15
pp2005,2020/5/19
pp1901,2019/1/15
pp2101,2021/1/15
pp2201,2022/1/17
pp2001,2020/1/15
pp1509,2015/9/16
pp1905,2019/5/17
pp1605,2016/5/16
pp1801,2018/1/15
pp2205,2022/5/18
pp1709,2017/9/14
pp1909,2019/9/16
pp2009,2020/9/14
pp1809,2018/9/14
pp2109,2021/9/14
pp1505,2015/5/15
p1709,2017/9/14
p1505,2015/5/15
p1609,2016/9/14
p1801,2018/1/15
p1509,2015/9/16
p2102,2021/2/19
p2205,2022/5/18
p2001,2020/1/15
p2209,2022/9/15
p1705,2017/5/15
p1605,2016/5/16
p1601,2016/1/15
p1809,2018/9/14
p2101,2021/1/15
p1909,2019/9/16
p1901,2019/1/15
p2201,2022/1/17
p1905,2019/5/17
p2005,2020/5/19
p2009,2020/9/14
p1701,2017/1/16
p1805,2018/5/15
p2109,2021/9/14
p2105,2021/5/19
rb1610,2016/10/17
rb1805,2018/5/15
rb1801,2018/1/15
rb2001,2020/1/15
rb1601,2016/1/15
rb1710,2017/10/16
rb2201,2022/1/17
rb2105,2021/5/17
rb2010,2020/10/15
rb1605,2016/5/16
rb1701,2017/1/16
rb1905,2019/5/15
rb2005,2020/5/15
rb1901,2019/1/15
rb1510,2015/10/15
rb1705,2017/5/15
rb2110,2021/10/15
rb1505,2015/5/15
rb1910,2019/10/15
rb2210,2022/10/17
rb2101,2021/1/15
rb1810,2018/10/15
rb2205,2022/5/16
RM705,2017/5/15
RM905,2019/5/17
RM301,2023/1/13
RM909,2019/9/16
RM901,2019/1/15
RM001,2020/1/15
RM009,2020/9/14
RM209,2022/9/15
RM005,2020/5/19
RM605,2016/5/16
RM709,2017/9/14
RM805,2018/5/15
RM809,2018/9/14
RM105,2021/5/19
RM109,2021/9/14
RM205,2022/5/18
RM601,2016/1/15
RM509,2015/9/16
RM505,2015/5/15
RM609,2016/9/14
RM701,2017/1/16
RM101,2021/1/15
RM801,2018/1/15
RM201,2022/1/17
ru1809,2018/9/17
ru1909,2019/9/16
ru1701,2017/1/16
ru1905,2019/5/15
ru2005,2020/5/15
ru1805,2018/5/15
ru2105,2021/5/17
ru2101,2021/1/15
ru1505,2015/5/15
ru1509,2015/9/15
ru1605,2016/5/16
ru1601,2016/1/15
ru1705,2017/5/15
ru2009,2020/9/15
ru2205,2022/5/16
ru2209,2022/9/15
ru2001,2020/1/15
ru1801,2018/1/15
ru1901,2019/1/15
ru2109,2021/9/15
ru2201,2022/1/17
ru1609,2016/9/19
ru1709,2017/9/15
SF905,2019/5/17
SF010,2020/10/22
SF009,2020/9/14
SF511,2015/11/13
SF909,2019/9/16
SF609,2016/9/14
SF805,2018/5/15
SF007,2020/7/14
SF505,2015/5/15
SF001,2020/1/15
SF605,2016/5/16
SF109,2021/9/14
SF105,2021/5/19
SF603,2016/3/14
SF801,2018/1/15
SF011,2020/11/13
SF901,2019/1/15
SF201,2022/1/17
SF209,2022/9/15
SF205,2022/5/18
SF706,2017/6/14
SF101,2021/1/15
SF809,2018/9/14
SF005,2020/5/19
SM105,2021/5/19
SM005,2020/5/19
SM201,2022/1/17
SM609,2016/9/14
SM001,2020/1/15
SM701,2017/1/16
SM905,2019/5/17
SM009,2020/9/14
SM607,2016/7/14
SM205,2022/5/18
SM604,2016/4/15
SM101,2021/1/15
SM909,2019/9/16
SM709,2017/9/14
SM605,2016/5/16
SM901,2019/1/15
SM506,2015/6/12
SM601,2016/1/15
SM510,2015/10/21
SM508,2015/8/14
SM109,2021/9/14
SM505,2015/5/15
SM209,2022/9/15
SM705,2017/5/15
SM805,2018/5/15
SM801,2018/1/15
SM809,2018/9/14
SR809,2018/9/14
SR705,2017/5/15
SR209,2022/9/15
SR009,2020/9/14
SR909,2019/9/16
SR701,2017/1/16
SR709,2017/9/14
SR601,2016/1/15
SR509,2015/9/16
SR201,2022/1/17
SR205,2022/5/18
SR109,2021/9/14
SR801,2018/1/15
SR805,2018/5/15
SR605,2016/5/16
SR505,2015/5/15
SR005,2020/5/19
SR105,2021/5/19
SR901,2019/1/15
SR609,2016/9/14
SR905,2019/5/17
SR001,2020/1/15
SR101,2021/1/15
TA705,2017/5/15
TA901,2019/1/15
TA109,2021/9/14
TA805,2018/5/15
TA001,2020/1/15
TA609,2016/9/14
TA709,2017/9/14
TA105,2021/5/19
TA909,2019/9/16
TA205,2022/5/18
TA701,2017/1/16
TA505,2015/5/15
TA009,2020/9/14
TA809,2018/9/14
TA905,2019/5/17
TA209,2022/9/15
TA509,2015/9/16
TA601,2016/1/15
TA005,2020/5/19
TA201,2022/1/17
TA101,2021/1/15
TA801,2018/1/15
TA605,2016/5/16
v1605,2016/5/16
v1801,2018/1/15
v1809,2018/9/14
v2001,2020/1/15
v1701,2017/1/16
v2209,2022/9/15
v1505,2015/5/15
v2201,2022/1/17
v2005,2020/5/19
v1905,2019/5/17
v2105,2021/5/19
v1609,2016/9/14
v1705,2017/5/15
v1901,2019/1/15
v2101,2021/1/15
v1805,2018/5/15
v1909,2019/9/16
v2205,2022/5/18
v1509,2015/9/16
v2009,2020/9/14
v1601,2016/1/15
v2109,2021/9/14
v1709,2017/9/14
y1701,2017/1/16
y2209,2022/9/15
y1709,2017/9/14
y1805,2018/5/15
y1809,2018/9/14
y1509,2015/9/16
y2205,2022/5/18
y1705,2017/5/15
y1901,2019/1/15
y2109,2021/9/14
y2005,2020/5/19
y2101,2021/1/15
y2001,2020/1/15
y2201,2022/1/17
y1505,2015/5/15
y1909,2019/9/16
y1905,2019/5/17
y2105,2021/5/19
y1605,2016/5/16
y1801,2018/1/15
y2009,2020/9/14
y1609,2016/9/14
y1601,2016/1/15
ZC911,2019/11/7
ZC809,2018/9/7
ZC109,2021/9/7
ZC805,2018/5/8
ZC905,2019/5/10
ZC801,2018/1/8
ZC209,2022/9/7
ZC609,2016/9/7
ZC709,2017/9/7
ZC909,2019/9/6
ZC009,2020/9/7
ZC605,2016/5/9
ZC105,2021/5/12
ZC901,2019/1/8
ZC205,2022/5/11
ZC701,2017/1/9
ZC201,2022/1/10
ZC705,2017/5/8
ZC011,2020/11/6
ZC001,2020/1/8
ZC005,2020/5/12
ZC101,2021/1/8
zn1806,2018/6/15
zn1902,2019/2/15
zn2106,2021/6/15
zn1510,2015/10/15
zn1912,2019/12/16
zn1708,2017/8/15
zn1905,2019/5/15
zn1702,2017/2/15
zn2003,2020/3/16
zn1911,2019/11/15
zn1606,2016/6/15
zn1711,2017/11/15
zn1906,2019/6/17
zn2109,2021/9/15
zn2205,2022/5/16
zn2107,2021/7/15
zn1612,2016/12/15
zn1807,2018/7/16
zn2103,2021/3/15
zn2111,2021/11/15
zn1707,2017/7/17
zn2207,2022/7/15
zn1603,2016/3/15
zn1607,2016/7/15
zn2002,2020/2/17
zn1810,2018/10/15
zn1511,2015/11/16
zn1610,2016/10/17
zn1803,2018/3/15
zn1712,2017/12/15
zn1802,2018/2/9
zn1909,2019/9/16
zn1904,2019/4/15
zn1507,2015/7/15
zn2202,2022/2/15
zn1704,2017/4/17
zn1812,2018/12/17
zn1604,2016/4/15
zn2011,2020/11/16
zn2110,2021/10/15
zn2010,2020/10/15
zn1705,2017/5/15
zn2004,2020/4/15
zn1506,2015/6/15
zn1801,2018/1/15
zn2206,2022/6/15
zn1907,2019/7/15
zn1503,2015/3/16
zn1805,2018/5/15
zn2203,2022/3/15
zn1804,2018/4/16
zn2009,2020/9/15
zn2101,2021/1/15
zn1709,2017/9/15
zn1508,2015/8/17
zn2104,2021/4/15
zn1710,2017/10/16
zn1701,2017/1/16
zn2102,2021/2/5
zn1509,2015/9/15
zn1609,2016/9/19
zn1703,2017/3/15
zn2112,2021/12/15
zn1505,2015/5/15
zn1908,2019/8/15
zn1611,2016/11/15
zn2005,2020/5/15
zn2209,2022/9/15
zn1910,2019/10/15
zn1903,2019/3/15
zn2108,2021/8/16
zn2208,2022/8/15
zn1602,2016/2/15
zn1605,2016/5/16
zn1809,2018/9/17
zn2204,2022/4/15
zn1512,2015/12/15
zn1808,2018/8/15
zn1706,2017/6/15
zn1504,2015/4/15
zn2008,2020/8/17
zn1601,2016/1/15
zn2012,2020/12/15
zn2001,2020/1/15
zn2007,2020/7/15
zn2006,2020/6/15
zn2105,2021/5/17
zn1901,2019/1/15
zn2201,2022/1/17
zn1608,2016/8/15
zn1811,2018/11/15
