contract_id,date
ag1507,2015/7/15
ag1912,2019/12/16
ag2009,2020/9/15
ag2107,2021/7/15
ag2010,2020/10/15
ag2112,2021/12/15
ag1709,2017/9/15
ag1601,2016/1/15
ag2202,2022/2/15
ag1805,2018/5/15
ag1606,2016/6/15
ag1609,2016/9/19
ag2012,2020/12/15
ag1509,2015/9/15
ag2206,2022/6/15
ag1706,2017/6/15
ag2008,2020/8/17
ag1612,2016/12/15
ag2106,2021/6/15
ag1506,2015/6/15
ag1505,2015/5/15
ag2108,2021/8/16
ag2203,2022/3/15
ag2207,2022/7/15
ag1512,2015/12/15
ag2101,2021/1/15
ag1901,2019/1/15
ag2212,2022/12/15
ag1812,2018/12/17
ag1712,2017/12/15
ag2002,2020/2/17
ag2006,2020/6/15
ag2209,2022/9/15
ag2004,2020/4/15
ag2102,2021/2/5
ag2103,2021/3/15
ag2205,2022/5/16
ag2105,2021/5/17
ag1605,2016/5/16
ag1904,2019/4/15
ag1806,2018/6/15
ag1906,2019/6/17
ag2001,2020/1/15
ag1701,2017/1/16
ag2109,2021/9/15
ag2208,2022/8/15
ag1801,2018/1/15
ag2201,2022/1/17
ag2003,2020/3/16
al1809,2018/9/17
al1910,2019/10/15
al2009,2020/9/15
al1806,2018/6/15
al2202,2022/2/15
al1609,2016/9/19
al1604,2016/4/15
al2108,2021/8/16
al2003,2020/3/16
al1808,2018/8/15
al1603,2016/3/15
al1606,2016/6/15
al2110,2021/10/15
al1611,2016/11/15
al1508,2015/8/17
al1710,2017/10/16
al1509,2015/9/15
al2201,2022/1/17
al1906,2019/6/17
al1903,2019/3/15
al2004,2020/4/15
al1605,2016/5/16
al1506,2015/6/15
al2203,2022/3/15
al1708,2017/8/15
al2206,2022/6/15
al1601,2016/1/15
al1612,2016/12/15
al2106,2021/6/15
al1505,2015/5/15
al1907,2019/7/15
al1503,2015/3/16
al1904,2019/4/15
al1804,2018/4/16
al2205,2022/5/16
al1909,2019/9/16
al1602,2016/2/15
al1801,2018/1/15
al1608,2016/8/15
al2208,2022/8/15
al1507,2015/7/15
al1810,2018/10/15
al1711,2017/11/15
al1702,2017/2/15
al2005,2020/5/15
al2112,2021/12/15
al1511,2015/11/16
al2109,2021/9/15
al2008,2020/8/17
al2105,2021/5/17
al2207,2022/7/15
al2001,2020/1/15
al2010,2020/10/15
al1704,2017/4/17
al2101,2021/1/15
al2210,2022/10/17
al2204,2022/4/15
al1812,2018/12/17
al2107,2021/7/15
al1706,2017/6/15
al1811,2018/11/15
al1912,2019/12/16
al1701,2017/1/16
al2102,2021/2/5
al1705,2017/5/15
al1803,2018/3/15
al1908,2019/8/15
al1512,2015/12/15
al2104,2021/4/15
al1607,2016/7/15
al1905,2019/5/15
al1709,2017/9/15
al1805,2018/5/15
al1712,2017/12/15
al1703,2017/3/15
al2209,2022/9/15
al1707,2017/7/17
al1807,2018/7/16
al1502,2015/2/10
al2002,2020/2/17
al1911,2019/11/15
al1504,2015/4/15
al2006,2020/6/15
al1902,2019/2/15
al1901,2019/1/15
al2011,2020/11/16
al2007,2020/7/15
al2103,2021/3/15
al1510,2015/10/15
al2111,2021/11/15
al1802,2018/2/9
al2012,2020/12/15
al1610,2016/10/17
au1806,2018/6/15
au2108,2021/8/16
au1510,2015/10/15
au1512,2015/12/15
au2006,2020/6/15
au2204,2022/4/15
au2110,2021/10/15
au2002,2020/2/17
au1701,2017/1/16
au2206,2022/6/15
au1908,2019/8/15
au1912,2019/12/16
au1704,2017/4/17
au2102,2021/2/5
au1904,2019/4/15
au2208,2022/8/15
au2212,2022/12/15
au1712,2017/12/15
au1506,2015/6/15
au1812,2018/12/17
au2106,2021/6/15
au1910,2019/10/15
au2008,2020/8/17
au2104,2021/4/15
au1906,2019/6/17
au1601,2016/1/15
au1612,2016/12/15
au1606,2016/6/15
au2210,2022/10/17
au2004,2020/4/15
au1502,2015/2/10
au2112,2021/12/15
au2202,2022/2/15
au1706,2017/6/15
au2010,2020/10/15
au1802,2018/2/9
au2012,2020/12/15
au1808,2018/8/15
a1901,2019/1/15
a1509,2015/9/16
a1805,2018/5/15
a2011,2020/11/13
a1505,2015/5/15
a1709,2017/9/14
a2109,2021/9/14
a1601,2016/1/15
a2205,2022/5/18
a1801,2018/1/15
a1701,2017/1/16
a2203,2022/3/14
a2107,2021/7/14
a2101,2021/1/15
a2105,2021/5/19
a2103,2021/3/12
a1809,2018/9/14
a1609,2016/9/14
a1605,2016/5/16
a2207,2022/7/14
a2201,2022/1/17
a2211,2022/11/14
a1905,2019/5/17
a2005,2020/5/19
a2009,2020/9/14
a2001,2020/1/15
a1705,2017/5/15
a1909,2019/9/16
a2111,2021/11/12
bu1809,2018/9/17
bu2109,2021/9/15
bu2106,2021/6/15
bu2212,2022/12/15
bu2110,2021/10/15
bu2105,2021/5/17
bu2006,2020/6/15
bu1612,2016/12/15
bu1909,2019/9/16
bu1801,2018/1/15
bu2103,2021/3/15
bu1509,2015/9/15
bu2206,2022/6/15
bu1912,2019/12/16
bu1706,2017/6/15
bu2205,2022/5/16
bu2207,2022/7/15
bu2101,2021/1/15
bu2201,2022/1/17
bu2108,2021/8/16
bu2009,2020/9/15
bu1606,2016/6/15
bu2012,2020/12/15
bu1601,2016/1/15
bu1812,2018/12/17
bu2112,2021/12/15
bu1609,2016/9/19
bu1901,2019/1/15
bu1906,2019/6/17
bu1806,2018/6/15
bu2203,2022/3/15
bu1712,2017/12/15
bu1701,2017/1/16
bu1709,2017/9/15
CF709,2017/9/14
CF001,2020/1/15
CF101,2021/1/15
CF011,2020/11/13
CF105,2021/5/19
CF509,2015/9/16
CF905,2019/5/17
CF209,2022/9/15
CF009,2020/9/14
CF809,2018/9/14
CF909,2019/9/16
CF207,2022/7/14
CF609,2016/9/14
CF911,2019/11/14
CF705,2017/5/15
CF003,2020/3/13
CF901,2019/1/15
CF203,2022/3/14
CF109,2021/9/14
CF701,2017/1/16
CF505,2015/5/15
CF805,2018/5/15
CF205,2022/5/18
CF605,2016/5/16
CF201,2022/1/17
CF801,2018/1/15
CF111,2021/11/12
CF301,2023/1/13
CF601,2016/1/15
CF005,2020/5/19
CF103,2021/3/12
cs1901,2019/1/15
cs1805,2018/5/15
cs2009,2020/9/14
cs2103,2021/3/12
cs1601,2016/1/15
cs2205,2022/5/18
cs1909,2019/9/16
cs1705,2017/5/15
cs2105,2021/5/19
cs2211,2022/11/14
cs1701,2017/1/16
cs1809,2018/9/14
cs1905,2019/5/17
cs2001,2020/1/15
cs2107,2021/7/14
cs2005,2020/5/19
cs1609,2016/9/14
cs1605,2016/5/16
cs2011,2020/11/13
cs2111,2021/11/12
cs1801,2018/1/15
cs2203,2022/3/14
cs2101,2021/1/15
cs2209,2022/9/15
cs1709,2017/9/14
cs2109,2021/9/14
cs1509,2015/9/16
cs1505,2015/5/15
cs2201,2022/1/17
cs2207,2022/7/14
cu1612,2016/12/15
cu1807,2018/7/16
cu2104,2021/4/15
cu2102,2021/2/5
cu2006,2020/6/15
cu1504,2015/4/15
cu1906,2019/6/17
cu2001,2020/1/15
cu1605,2016/5/16
cu1601,2016/1/15
cu1509,2015/9/15
cu1704,2017/4/17
cu2108,2021/8/16
cu2202,2022/2/15
cu1505,2015/5/15
cu2005,2020/5/15
cu1604,2016/4/15
cu1611,2016/11/15
cu1908,2019/8/15
cu2002,2020/2/17
cu1507,2015/7/15
cu1909,2019/9/16
cu1804,2018/4/16
cu2010,2020/10/15
cu2110,2021/10/15
cu1912,2019/12/16
cu1808,2018/8/15
cu1805,2018/5/15
cu2208,2022/8/15
cu1711,2017/11/15
cu1810,2018/10/15
cu2105,2021/5/17
cu1803,2018/3/15
cu1702,2017/2/15
cu2107,2021/7/15
cu2203,2022/3/15
cu1706,2017/6/15
cu1812,2018/12/17
cu2209,2022/9/15
cu2201,2022/1/17
cu1603,2016/3/15
cu1606,2016/6/15
cu2204,2022/4/15
cu1910,2019/10/15
cu2004,2020/4/15
cu1907,2019/7/15
cu1506,2015/6/15
cu1904,2019/4/15
cu2103,2021/3/15
cu1802,2018/2/9
cu1508,2015/8/17
cu1902,2019/2/15
cu1510,2015/10/15
cu1905,2019/5/15
cu2112,2021/12/15
cu1512,2015/12/15
cu1610,2016/10/17
cu1710,2017/10/16
cu1609,2016/9/19
cu1608,2016/8/15
cu1709,2017/9/15
cu2101,2021/1/15
cu2111,2021/11/15
cu1602,2016/2/15
cu2106,2021/6/15
cu2205,2022/5/16
cu2007,2020/7/15
cu2003,2020/3/16
cu1809,2018/9/17
cu1911,2019/11/15
cu2008,2020/8/17
cu1703,2017/3/15
cu1903,2019/3/15
cu1712,2017/12/15
cu1503,2015/3/16
cu1901,2019/1/15
cu2206,2022/6/15
cu1511,2015/11/16
cu2109,2021/9/15
cu1707,2017/7/17
cu1806,2018/6/15
cu1801,2018/1/15
cu2207,2022/7/15
cu2012,2020/12/15
cu1701,2017/1/16
cu1708,2017/8/15
cu2210,2022/10/17
cu1607,2016/7/15
cu2009,2020/9/15
cu2011,2020/11/16
cu1811,2018/11/15
cu1705,2017/5/15
c1907,2019/7/12
c1909,2019/9/16
c2107,2021/7/14
c2209,2022/9/15
c2205,2022/5/18
c1509,2015/9/16
c1805,2018/5/15
c1801,2018/1/15
c1911,2019/11/14
c1601,2016/1/15
c2009,2020/9/14
c1701,2017/1/16
c1809,2018/9/14
c2301,2023/1/17
c1705,2017/5/15
c2005,2020/5/19
c2203,2022/3/14
c1609,2016/9/14
c2109,2021/9/14
c1605,2016/5/16
c2201,2022/1/17
c1905,2019/5/17
c2111,2021/11/12
c1505,2015/5/15
c1709,2017/9/14
c2001,2020/1/15
c2105,2021/5/19
c2003,2020/3/13
c2207,2022/7/14
c1901,2019/1/15
c1807,2018/7/13
c2101,2021/1/15
FG101,2021/1/15
FG005,2020/5/19
FG105,2021/5/19
FG901,2019/1/15
FG809,2018/9/14
FG605,2016/5/16
FG209,2022/9/15
FG601,2016/1/15
FG506,2015/6/12
FG301,2023/1/13
FG705,2017/5/15
FG009,2020/9/14
FG905,2019/5/17
FG201,2022/1/17
FG109,2021/9/14
FG709,2017/9/14
FG801,2018/1/15
FG001,2020/1/15
FG205,2022/5/18
FG008,2020/8/14
FG609,2016/9/14
FG509,2015/9/16
FG701,2017/1/16
FG805,2018/5/15
FG909,2019/9/16
hc1505,2015/5/15
hc2203,2022/3/15
hc1601,2016/1/15
hc2205,2022/5/16
hc1810,2018/10/15
hc2301,2023/1/16
hc2005,2020/5/15
hc1509,2015/9/15
hc1910,2019/10/15
hc1508,2015/8/17
hc2209,2022/9/15
hc2202,2022/2/15
hc2211,2022/11/15
hc1605,2016/5/16
hc1801,2018/1/15
hc2105,2021/5/17
hc1510,2015/10/15
hc2010,2020/10/15
hc1710,2017/10/16
hc1610,2016/10/17
hc1701,2017/1/16
hc2103,2021/3/15
hc1705,2017/5/15
hc2201,2022/1/17
hc2001,2020/1/15
hc1901,2019/1/15
hc2110,2021/10/15
hc2112,2021/12/15
hc1905,2019/5/15
hc2101,2021/1/15
hc2210,2022/10/17
hc1805,2018/5/15
i2202,2022/2/18
i2201,2022/1/17
i1805,2018/5/15
i1901,2019/1/15
i1709,2017/9/14
i1909,2019/9/16
i2009,2020/9/14
i2105,2021/5/19
i2005,2020/5/19
i1605,2016/5/16
i1609,2016/9/14
i2101,2021/1/15
i2002,2020/2/14
i1906,2019/6/17
i1505,2015/5/15
i2001,2020/1/15
i2109,2021/9/14
i2301,2023/1/17
i2010,2020/10/22
i1809,2018/9/14
i1705,2017/5/15
i1908,2019/8/14
i1801,2018/1/15
i2102,2021/2/19
i1601,2016/1/15
i2205,2022/5/18
i1509,2015/9/16
i2209,2022/9/15
i1903,2019/3/14
i1905,2019/5/17
i1701,2017/1/16
i1811,2018/11/14
jd2110,2021/10/26
jd2205,2022/5/26
jd2207,2022/7/26
jd2012,2020/12/28
jd2206,2022/6/27
jd1909,2019/9/25
jd2008,2020/8/26
jd2109,2021/9/27
jd2107,2021/7/27
jd1806,2018/6/26
jd2009,2020/9/25
jd1601,2016/1/15
jd1701,2017/1/16
jd2103,2021/3/26
jd2007,2020/7/28
jd2108,2021/8/26
jd1605,2016/5/16
jd1801,2018/1/26
jd1509,2015/9/16
jd1609,2016/9/14
jd1901,2019/1/28
jd2101,2021/1/26
jd2010,2020/10/27
jd1711,2017/11/27
jd1805,2018/5/28
jd2201,2022/1/25
jd1709,2017/9/26
jd1505,2015/5/15
jd1807,2018/7/26
jd1809,2018/9/25
jd2001,2020/1/21
jd2005,2020/5/26
jd2011,2020/11/25
jd2203,2022/3/28
jd1705,2017/5/24
jd1810,2018/10/26
jd2209,2022/9/27
jd2106,2021/6/25
jd2208,2022/8/26
jd1811,2018/11/27
jd2301,2023/1/25
jd2105,2021/5/26
jd2002,2020/2/25
jd2111,2021/11/25
jd1905,2019/5/28
jd1710,2017/10/26
jm2205,2022/5/18
jm2111,2021/11/12
jm1605,2016/5/16
jm1509,2015/9/16
jm1809,2018/9/14
jm1601,2016/1/15
jm2102,2021/2/19
jm1609,2016/9/14
jm2001,2020/1/15
jm2209,2022/9/15
jm2103,2021/3/12
jm1805,2018/5/15
jm1801,2018/1/15
jm1905,2019/5/17
jm2010,2020/10/22
jm2106,2021/6/15
jm1701,2017/1/16
jm1709,2017/9/14
jm1705,2017/5/15
jm2201,2022/1/17
jm2105,2021/5/19
jm2109,2021/9/14
jm2301,2023/1/17
jm1505,2015/5/15
jm1909,2019/9/16
jm2009,2020/9/14
jm2101,2021/1/15
jm2005,2020/5/19
jm1901,2019/1/15
jm2107,2021/7/14
j2010,2020/10/22
j2111,2021/11/12
j2102,2021/2/19
j1705,2017/5/15
j1605,2016/5/16
j2201,2022/1/17
j1601,2016/1/15
j2001,2020/1/15
j2105,2021/5/19
j1809,2018/9/14
j2009,2020/9/14
j1905,2019/5/17
j2209,2022/9/15
j1709,2017/9/14
j1505,2015/5/15
j2110,2021/10/21
j1909,2019/9/16
j2109,2021/9/14
j2101,2021/1/15
j2205,2022/5/18
j1509,2015/9/16
j1801,2018/1/15
j1805,2018/5/15
j2005,2020/5/19
j1609,2016/9/14
j1901,2019/1/15
j2103,2021/3/12
j2301,2023/1/17
j1701,2017/1/16
l1809,2018/9/14
l2102,2021/2/19
l1905,2019/5/17
l1801,2018/1/15
l1609,2016/9/14
l2111,2021/11/12
l1505,2015/5/15
l2001,2020/1/15
l2208,2022/8/12
l2010,2020/10/22
l1805,2018/5/15
l1601,2016/1/15
l2106,2021/6/15
l2202,2022/2/18
l1709,2017/9/14
l2203,2022/3/14
l2210,2022/10/21
l2201,2022/1/17
l1509,2015/9/16
l1605,2016/5/16
l1705,2017/5/15
l2103,2021/3/12
l2205,2022/5/18
l2005,2020/5/19
l1909,2019/9/16
l1701,2017/1/16
l2009,2020/9/14
l2110,2021/10/21
l2101,2021/1/15
l2209,2022/9/15
l2105,2021/5/19
l2207,2022/7/14
l2109,2021/9/14
l1901,2019/1/15
l2206,2022/6/15
MA003,2020/3/13
MA509,2015/9/16
MA605,2016/5/16
MA009,2020/9/14
MA205,2022/5/18
MA206,2022/6/15
MA911,2019/11/14
MA109,2021/9/14
MA909,2019/9/16
MA209,2022/9/15
MA208,2022/8/12
MA905,2019/5/17
MA609,2016/9/14
MA111,2021/11/12
MA901,2019/1/15
MA201,2022/1/17
MA809,2018/9/14
MA107,2021/7/14
MA601,2016/1/15
MA101,2021/1/15
MA007,2020/7/14
MA106,2021/6/15
MA203,2022/3/14
MA805,2018/5/15
MA705,2017/5/15
MA701,2017/1/16
MA011,2020/11/13
MA105,2021/5/19
MA709,2017/9/14
MA005,2020/5/19
MA112,2021/12/14
MA801,2018/1/15
MA204,2022/4/18
MA210,2022/10/21
MA110,2021/10/21
MA001,2020/1/15
MA103,2021/3/12
MA506,2015/6/12
m1609,2016/9/14
m2105,2021/5/19
m2005,2020/5/19
m1809,2018/9/14
m1903,2019/3/14
m2205,2022/5/18
m2203,2022/3/14
m2109,2021/9/14
m1907,2019/7/12
m2101,2021/1/15
m2201,2022/1/17
m2209,2022/9/15
m2107,2021/7/14
m1505,2015/5/15
m1705,2017/5/15
m1805,2018/5/15
m1509,2015/9/16
m2009,2020/9/14
m1807,2018/7/13
m2301,2023/1/17
m2001,2020/1/15
m1801,2018/1/15
m1901,2019/1/15
m1909,2019/9/16
m1601,2016/1/15
m1701,2017/1/16
m1709,2017/9/14
m1605,2016/5/16
m1905,2019/5/17
ni1903,2019/3/15
ni1709,2017/9/15
ni2107,2021/7/15
ni2205,2022/5/16
ni1911,2019/11/15
ni2004,2020/4/15
ni2203,2022/3/15
ni1910,2019/10/15
ni1805,2018/5/15
ni1912,2019/12/16
ni1905,2019/5/15
ni2011,2020/11/16
ni1901,2019/1/15
ni2001,2020/1/15
ni1701,2017/1/16
ni2006,2020/6/15
ni2106,2021/6/15
ni1603,2016/3/15
ni1801,2018/1/15
ni2101,2021/1/15
ni2102,2021/2/5
ni2002,2020/2/17
ni2005,2020/5/15
ni2103,2021/3/15
ni1512,2015/12/15
ni2209,2022/9/15
ni2109,2021/9/15
ni1906,2019/6/17
ni1907,2019/7/15
ni2111,2021/11/15
ni1507,2015/7/15
ni1508,2015/8/17
ni1809,2018/9/17
ni2009,2020/9/15
ni2112,2021/12/15
ni1609,2016/9/19
ni2105,2021/5/17
ni2003,2020/3/16
ni1601,2016/1/15
ni1908,2019/8/15
ni2104,2021/4/15
ni2008,2020/8/17
ni1909,2019/9/16
ni2108,2021/8/16
ni2201,2022/1/17
ni1705,2017/5/15
ni2010,2020/10/15
ni1605,2016/5/16
ni1602,2016/2/15
ni2012,2020/12/15
ni1811,2018/11/15
ni1807,2018/7/16
ni2204,2022/4/15
ni2007,2020/7/15
ni2206,2022/6/15
ni2210,2022/10/17
ni1509,2015/9/15
ni2110,2021/10/15
OI101,2021/1/15
OI011,2020/11/13
OI007,2020/7/14
OI201,2022/1/17
OI109,2021/9/14
OI005,2020/5/19
OI801,2018/1/15
OI001,2020/1/15
OI609,2016/9/14
OI905,2019/5/17
OI203,2022/3/14
OI009,2020/9/14
OI103,2021/3/12
OI805,2018/5/15
OI605,2016/5/16
OI207,2022/7/14
OI909,2019/9/16
OI509,2015/9/16
OI205,2022/5/18
OI211,2022/11/14
OI709,2017/9/14
OI107,2021/7/14
OI705,2017/5/15
OI209,2022/9/15
OI301,2023/1/13
OI505,2015/5/15
OI601,2016/1/15
OI111,2021/11/12
OI701,2017/1/16
OI809,2018/9/14
OI901,2019/1/15
OI105,2021/5/19
pp2104,2021/4/15
pp2202,2022/2/18
pp2005,2020/5/19
pp1601,2016/1/15
pp1905,2019/5/17
pp1901,2019/1/15
pp2208,2022/8/12
pp1809,2018/9/14
pp2101,2021/1/15
pp1701,2017/1/16
pp2205,2022/5/18
pp2105,2021/5/19
pp1805,2018/5/15
pp2102,2021/2/19
pp2210,2022/10/21
pp1605,2016/5/16
pp1709,2017/9/14
pp1705,2017/5/15
pp1801,2018/1/15
pp2206,2022/6/15
pp2001,2020/1/15
pp2203,2022/3/14
pp2204,2022/4/18
pp2109,2021/9/14
pp1509,2015/9/16
pp1909,2019/9/16
pp2009,2020/9/14
pp1609,2016/9/14
pp2207,2022/7/14
pp2010,2020/10/22
pp2209,2022/9/15
pp2201,2022/1/17
pp2110,2021/10/21
pp2111,2021/11/12
pp2112,2021/12/14
pp1505,2015/5/15
pp2103,2021/3/12
p2301,2023/1/17
p1609,2016/9/14
p1701,2017/1/16
p1805,2018/5/15
p2205,2022/5/18
p2206,2022/6/15
p2203,2022/3/14
p1605,2016/5/16
p2105,2021/5/19
p2101,2021/1/15
p2001,2020/1/15
p2201,2022/1/17
p1909,2019/9/16
p1505,2015/5/15
p1901,2019/1/15
p2110,2021/10/21
p2202,2022/2/18
p1601,2016/1/15
p1509,2015/9/16
p2009,2020/9/14
p1905,2019/5/17
p1709,2017/9/14
p1801,2018/1/15
p2102,2021/2/19
p2005,2020/5/19
p1809,2018/9/14
p2209,2022/9/15
p1705,2017/5/15
p2109,2021/9/14
rb1701,2017/1/16
rb1805,2018/5/15
rb1505,2015/5/15
rb2110,2021/10/15
rb2210,2022/10/17
rb2005,2020/5/15
rb1901,2019/1/15
rb1810,2018/10/15
rb2105,2021/5/17
rb2010,2020/10/15
rb2101,2021/1/15
rb1610,2016/10/17
rb2301,2023/1/16
rb1710,2017/10/16
rb1705,2017/5/15
rb1605,2016/5/16
rb2205,2022/5/16
rb1801,2018/1/15
rb1510,2015/10/15
rb2201,2022/1/17
rb2001,2020/1/15
rb1910,2019/10/15
rb1601,2016/1/15
rb1905,2019/5/15
RM107,2021/7/14
RM101,2021/1/15
RM809,2018/9/14
RM001,2020/1/15
RM109,2021/9/14
RM209,2022/9/15
RM909,2019/9/16
RM905,2019/5/17
RM005,2020/5/19
RM709,2017/9/14
RM205,2022/5/18
RM609,2016/9/14
RM605,2016/5/16
RM505,2015/5/15
RM105,2021/5/19
RM901,2019/1/15
RM509,2015/9/16
RM203,2022/3/14
RM805,2018/5/15
RM201,2022/1/17
RM111,2021/11/12
RM705,2017/5/15
RM801,2018/1/15
RM601,2016/1/15
RM009,2020/9/14
RM011,2020/11/13
RM301,2023/1/13
RM701,2017/1/16
ru1905,2019/5/15
ru1809,2018/9/17
ru1709,2017/9/15
ru2005,2020/5/15
ru1605,2016/5/16
ru2001,2020/1/15
ru2101,2021/1/15
ru1609,2016/9/19
ru1505,2015/5/15
ru2205,2022/5/16
ru2009,2020/9/15
ru2105,2021/5/17
ru2201,2022/1/17
ru2111,2021/11/15
ru2210,2022/10/17
ru2301,2023/1/16
ru1705,2017/5/15
ru1509,2015/9/15
ru1701,2017/1/16
ru1801,2018/1/15
ru2110,2021/10/15
ru1901,2019/1/15
ru1601,2016/1/15
ru2209,2022/9/15
ru1909,2019/9/16
ru2109,2021/9/15
ru1805,2018/5/15
SF012,2020/12/14
SF205,2022/5/18
SF709,2017/9/14
SF206,2022/6/15
SF009,2020/9/14
SF703,2017/3/14
SF111,2021/11/12
SF010,2020/10/22
SF502,2015/2/13
SF504,2015/4/15
SF901,2019/1/15
SF207,2022/7/14
SF104,2021/4/15
SF601,2016/1/15
SF606,2016/6/16
SF805,2018/5/15
SF801,2018/1/15
SF909,2019/9/16
SF809,2018/9/14
SF001,2020/1/15
SF011,2020/11/13
SF604,2016/4/15
SF510,2015/10/21
SF005,2020/5/19
SF105,2021/5/19
SF108,2021/8/13
SF203,2022/3/14
SF204,2022/4/18
SF511,2015/11/13
SF705,2017/5/15
SF905,2019/5/17
SF201,2022/1/17
SF512,2015/12/14
SF210,2022/10/21
SF507,2015/7/14
SF110,2021/10/21
SF107,2021/7/14
SF701,2017/1/16
SF506,2015/6/12
SF208,2022/8/12
SF612,2016/12/14
SF101,2021/1/15
SF007,2020/7/14
SF103,2021/3/12
SF112,2021/12/14
SF704,2017/4/18
SF608,2016/8/12
SF109,2021/9/14
SF209,2022/9/15
SM009,2020/9/14
SM109,2021/9/14
SM203,2022/3/14
SM209,2022/9/15
SM709,2017/9/14
SM507,2015/7/14
SM705,2017/5/15
SM201,2022/1/17
SM601,2016/1/15
SM204,2022/4/18
SM105,2021/5/19
SM612,2016/12/14
SM605,2016/5/16
SM607,2016/7/14
SM208,2022/8/12
SM909,2019/9/16
SM010,2020/10/22
SM012,2020/12/14
SM106,2021/6/15
SM512,2015/12/14
SM104,2021/4/15
SM207,2022/7/14
SM509,2015/9/16
SM805,2018/5/15
SM510,2015/10/21
SM005,2020/5/19
SM110,2021/10/21
SM801,2018/1/15
SM901,2019/1/15
SM809,2018/9/14
SM112,2021/12/14
SM202,2022/2/18
SM210,2022/10/21
SM504,2015/4/15
SM101,2021/1/15
SM108,2021/8/13
SM701,2017/1/16
SM604,2016/4/15
SM206,2022/6/15
SM001,2020/1/15
SM103,2021/3/12
SM602,2016/2/19
SM511,2015/11/13
SM111,2021/11/12
SM905,2019/5/17
SM107,2021/7/14
SM205,2022/5/18
SM508,2015/8/14
SM011,2020/11/13
SR609,2016/9/14
SR211,2022/11/14
SR001,2020/1/15
SR207,2022/7/14
SR007,2020/7/14
SR801,2018/1/15
SR101,2021/1/15
SR005,2020/5/19
SR509,2015/9/16
SR601,2016/1/15
SR705,2017/5/15
SR003,2020/3/13
SR009,2020/9/14
SR201,2022/1/17
SR011,2020/11/13
SR909,2019/9/16
SR901,2019/1/15
SR205,2022/5/18
SR605,2016/5/16
SR209,2022/9/15
SR109,2021/9/14
SR105,2021/5/19
SR905,2019/5/17
SR805,2018/5/15
SR107,2021/7/14
SR111,2021/11/12
SR203,2022/3/14
SR809,2018/9/14
SR505,2015/5/15
SR701,2017/1/16
SR709,2017/9/14
TA209,2022/9/15
TA903,2019/3/14
TA210,2022/10/21
TA701,2017/1/16
TA709,2017/9/14
TA809,2018/9/14
TA801,2018/1/15
TA705,2017/5/15
TA106,2021/6/15
TA003,2020/3/13
TA807,2018/7/13
TA105,2021/5/19
TA505,2015/5/15
TA811,2018/11/14
TA206,2022/6/15
TA301,2023/1/13
TA111,2021/11/12
TA204,2022/4/18
TA509,2015/9/16
TA601,2016/1/15
TA009,2020/9/14
TA901,2019/1/15
TA001,2020/1/15
TA011,2020/11/13
TA805,2018/5/15
TA110,2021/10/21
TA205,2022/5/18
TA905,2019/5/17
TA102,2021/2/19
TA112,2021/12/14
TA203,2022/3/14
TA208,2022/8/12
TA803,2018/3/14
TA909,2019/9/16
TA101,2021/1/15
TA907,2019/7/12
TA609,2016/9/14
TA109,2021/9/14
TA605,2016/5/16
TA201,2022/1/17
TA207,2022/7/14
TA005,2020/5/19
TA911,2019/11/14
v2101,2021/1/15
v2208,2022/8/12
v2203,2022/3/14
v2209,2022/9/15
v2105,2021/5/19
v1509,2015/9/16
v1505,2015/5/15
v2210,2022/10/21
v1605,2016/5/16
v2110,2021/10/21
v1709,2017/9/14
v2106,2021/6/15
v2207,2022/7/14
v2205,2022/5/18
v2006,2020/6/12
v2102,2021/2/19
v2103,2021/3/12
v1905,2019/5/17
v2009,2020/9/14
v1705,2017/5/15
v1801,2018/1/15
v1701,2017/1/16
v2005,2020/5/19
v2201,2022/1/17
v1805,2018/5/15
v2206,2022/6/15
v1601,2016/1/15
v2001,2020/1/15
v2202,2022/2/18
v1809,2018/9/14
v2109,2021/9/14
v1609,2016/9/14
v1909,2019/9/16
v1901,2019/1/15
v2011,2020/11/13
y1801,2018/1/15
y2201,2022/1/17
y2209,2022/9/15
y2009,2020/9/14
y1705,2017/5/15
y1605,2016/5/16
y2207,2022/7/14
y2111,2021/11/12
y1509,2015/9/16
y2205,2022/5/18
y2105,2021/5/19
y2001,2020/1/15
y2301,2023/1/17
y2109,2021/9/14
y1809,2018/9/14
y1601,2016/1/15
y1905,2019/5/17
y2107,2021/7/14
y2203,2022/3/14
y1909,2019/9/16
y1505,2015/5/15
y1701,2017/1/16
y1609,2016/9/14
y1805,2018/5/15
y2101,2021/1/15
y2011,2020/11/13
y1901,2019/1/15
y1709,2017/9/14
y2005,2020/5/19
ZC608,2016/8/5
ZC209,2022/9/7
ZC009,2020/9/7
ZC905,2019/5/10
ZC803,2018/3/7
ZC102,2021/2/5
ZC901,2019/1/8
ZC911,2019/11/7
ZC011,2020/11/6
ZC105,2021/5/12
ZC809,2018/9/7
ZC609,2016/9/7
ZC005,2020/5/12
ZC210,2022/10/14
ZC201,2022/1/10
ZC001,2020/1/8
ZC709,2017/9/7
ZC801,2018/1/8
ZC003,2020/3/6
ZC811,2018/11/7
ZC605,2016/5/9
ZC705,2017/5/8
ZC909,2019/9/6
ZC207,2022/7/7
ZC805,2018/5/8
ZC907,2019/7/5
ZC103,2021/3/5
ZC007,2020/7/7
ZC208,2022/8/5
ZC606,2016/6/7
ZC607,2016/7/7
ZC807,2018/7/6
ZC301,2023/1/6
ZC205,2022/5/11
ZC903,2019/3/7
ZC109,2021/9/7
ZC101,2021/1/8
ZC701,2017/1/9
ZC107,2021/7/7
ZC106,2021/6/7
zn1702,2017/2/15
zn2108,2021/8/16
zn1712,2017/12/15
zn2103,2021/3/15
zn1802,2018/2/9
zn1604,2016/4/15
zn2003,2020/3/16
zn1605,2016/5/16
zn1703,2017/3/15
zn1508,2015/8/17
zn1906,2019/6/17
zn1705,2017/5/15
zn2011,2020/11/16
zn2006,2020/6/15
zn1806,2018/6/15
zn1507,2015/7/15
zn1709,2017/9/15
zn1609,2016/9/19
zn2105,2021/5/17
zn1803,2018/3/15
zn2012,2020/12/15
zn1804,2018/4/16
zn2005,2020/5/15
zn1707,2017/7/17
zn1805,2018/5/15
zn2101,2021/1/15
zn1606,2016/6/15
zn1801,2018/1/15
zn1810,2018/10/15
zn1912,2019/12/16
zn2206,2022/6/15
zn2111,2021/11/15
zn1611,2016/11/15
zn1911,2019/11/15
zn1505,2015/5/15
zn1907,2019/7/15
zn1612,2016/12/15
zn2008,2020/8/17
zn1710,2017/10/16
zn1509,2015/9/15
zn2207,2022/7/15
zn2102,2021/2/5
zn2205,2022/5/16
zn2107,2021/7/15
zn1503,2015/3/16
zn1608,2016/8/15
zn1904,2019/4/15
zn2210,2022/10/17
zn1910,2019/10/15
zn1504,2015/4/15
zn1603,2016/3/15
zn1607,2016/7/15
zn2010,2020/10/15
zn1506,2015/6/15
zn1701,2017/1/16
zn1706,2017/6/15
zn1502,2015/2/10
zn1909,2019/9/16
zn1901,2019/1/15
zn1510,2015/10/15
zn2110,2021/10/15
zn2112,2021/12/15
zn2009,2020/9/15
zn1903,2019/3/15
zn1708,2017/8/15
zn1905,2019/5/15
zn1704,2017/4/17
zn2106,2021/6/15
zn1601,2016/1/15
zn1902,2019/2/15
zn2208,2022/8/15
zn2201,2022/1/17
zn1511,2015/11/16
zn2004,2020/4/15
zn1809,2018/9/17
zn1807,2018/7/16
zn1711,2017/11/15
zn2001,2020/1/15
zn1908,2019/8/15
zn2203,2022/3/15
zn2007,2020/7/15
zn1512,2015/12/15
zn2204,2022/4/15
zn1811,2018/11/15
zn2002,2020/2/17
zn1808,2018/8/15
zn1812,2018/12/17
zn1610,2016/10/17
zn1602,2016/2/15
zn2104,2021/4/15
zn2209,2022/9/15
zn2109,2021/9/15
zn2202,2022/2/15
